word,phonetic_symbol
sample,sˈæmpl
abortion,
absorption,
absorption,
acceleration,
accomplishment,
accomplishment,
accomplishment,
accord,
accord,
accordance,
accountability,
accrual,
accumulation,
acre,
activist,
adaptation,
adaptation,
administrator,
adolescent,
advertiser,
advisory,
aerosol,
affiliate,
aggregate,
airfare,
alert,
algebra,
algorithm,
alien,
alien,
allocation,
alpha,
alpha,
alternate,
amendment,
amino,
amortization,
amplitude,
announcer,
annuity,
annum,
anthropology,
antibody,
antiquity,
antiquity,
appendix,
appendix,
appliance,
appraisal,
apprentice,
approximation,
arbitrage,
arbitration,
archaeology,
archive,
archive,
array,
array,
artifact,
artwork,
assertion,
asset,
asset,
associate,
asylum,
attendant,
attendee,
attorney,
auditor,
auditorium,
authorization,
auto,
automobile,
autonomy,
aversion,
aviation,
axiom,
bacteria,
bail,
banquet,
baseline,
benchmark,
beneficiary,
beta,
beta,
beverage,
bias,
bidder,
bilingual,
biodiversity,
biologist,
boardroom,
bondholder,
borrower,
boundary,
boycott,
breach,
breach,
bribe,
briefcase,
broker,
brokerage,
buffer,
buffet,
bulk,
bulk,
bully,
bundle,
bureaucrat,
burst,
businessperson,
bust,
bust,
bust,
buyout,
calcium,
calculus,
cancellation,
capillary,
capita,
capitalism,
capitalist,
capitalization,
capitalization,
cargo,
carmaker,
carpenter,
carrier,
carrier,
carrier,
cart,
cartel,
cartridge,
cashier,
casino,
casualty,
caterer,
ceasefire,
cellphone,
census,
chamber,
chamber,
characterization,
charter,
charter,
chloride,
chromosome,
circa,
circulation,
circulation,
citation,
citation,
civilian,
clarity,
clash,
clay,
cleric,
closet,
clout,
cluster,
coefficient,
collaboration,
collateral,
colony,
combat,
commentary,
commentator,
commissioner,
commodity,
communism,
communist,
commute,
commuter,
competency,
competitiveness,
compliance,
complication,
complication,
computation,
con,
con,
conditioner,
conditioner,
conduction,
configuration,
confrontation,
conglomerate,
congratulation,
congressman,
connector,
connotation,
consistency,
consolidation,
consortium,
conspiracy,
constituency,
constituency,
constituent,
constituent,
constraint,
consultancy,
consultation,
contingency,
contingent,
continuity,
contour,
contour,
contractor,
contributor,
controller,
convergence,
convertible,
convict,
conviction,
conviction,
cooperative,
coordination,
coordinator,
copier,
cord,
corpus,
corpus,
correlation,
cortex,
counsel,
counsel,
counterpart,
counterparty,
coup,
coupon,
courier,
covariance,
covenant,
coverage,
coverage,
coworker,
credential,
credibility,
creditor,
criteria,
critique,
crunch,
crunch,
crystal,
crystal,
cue,
cue,
curb,
cylinder,
dare,
debenture,
debtor,
decimal,
decree,
deductible,
default,
default,
defect,
defendant,
defensive,
deflation,
deflection,
delegation,
delegation,
deliverable,
delta,
delta,
demise,
demographic,
demonstrator,
demonstrator,
denominator,
density,
dent,
dependence,
dependency,
dependency,
deployment,
depositor,
depreciation,
deregulation,
derivative,
derivative,
descendant,
descriptor,
detection,
determinant,
determinant,
devaluation,
developer,
deviation,
diagnosis,
dialect,
dictatorship,
differentiation,
differentiation,
diffusion,
digit,
digit,
diner,
diner,
dip,
dip,
dip,
diplomacy,
diplomacy,
directive,
directory,
directory,
disclosure,
discourse,
discretion,
discretion,
dismissal,
dismissal,
dispatch,
dispatch,
displacement,
disruption,
dissection,
dissection,
dissent,
dissertation,
dissolution,
distractor,
distractor,
distress,
distress,
diversification,
diversity,
dividend,
dividend,
doctrine,
documentation,
domain,
domain,
dominance,
domination,
donor,
downgrade,
downside,
downtown,
downturn,
drawback,
duration,
e-book,
echo,
echo,
elasticity,
electorate,
elevation,
elevation,
elimination,
emission,
empowerment,
endorsement,
endorsement,
endowment,
endowment,
enforcement,
enhancement,
enlargement,
entity,
entrant,
enzyme,
epidemiology,
equilibrium,
equivalence,
escort,
estimation,
estimation,
ethanol,
ethics,
exemption,
expectancy,
expenditure,
expertise,
expiration,
expiration,
exporter,
exposure,
exposure,
exposure,
externality,
extremist,
facet,
faction,
fairness,
fatigue,
fertility,
fiduciary,
fin,
flotation,
fluctuation,
fluid,
flux,
flyer,
forecaster,
formulation,
forum,
fossil,
founder,
fraction,
fraction,
fracture,
framework,
franc,
franchise,
franchise,
freight,
friction,
friction,
fringe,
fringe,
fungus,
fusion,
gamble,
gasoline,
gauge,
gay,
generator,
genocide,
globalization,
goodness,
governance,
gradient,
graphic,
gravity,
gravity,
grid,
grid,
grocery,
grocery,
gut,
gut,
halt,
handful,
handset,
haul,
hawk,
headquarter,
healthcare,
heir,
helix,
hepatitis,
herbicide,
hierarchy,
histogram,
homeowner,
hormone,
hostility,
hub,
hurdle,
hybrid,
hydrogen,
hypothesis,
illusion,
imbalance,
impairment,
implementation,
importer,
inability,
incidence,
incline,
inclusion,
inconvenience,
incorporation,
incumbent,
indication,
indicator,
indifference,
induction,
induction,
industrialization,
inefficiency,
inequality,
inexperience,
infinity,
inflow,
info,
infrastructure,
inhibition,
initiation,
insider,
instability,
installation,
installation,
installment,
instant,
insurer,
insurgency,
insurgent,
intangible,
integration,
integrity,
integrity,
intensity,
intent,
intercept,
intercept,
interface,
interference,
interim,
intermediary,
intern,
internship,
intervention,
intrigue,
inventory,
inversion,
invoice,
ion,
irrigation,
issuance,
issuer,
itinerary,
jurisdiction,
justification,
kidney,
lag,
layout,
ledger,
legacy,
legitimacy,
lender,
lessee,
lessor,
lever,
leverage,
levy,
liability,
liability,
liberalization,
license,
likelihood,
linguistics,
liquidation,
liquidity,
litigation,
locus,
login,
logistics,
loop,
loser,
lounge,
lump,
luncheon,
lure,
lure,
machinery,
machinery,
macro,
macroeconomics,
magnitude,
magnitude,
mainland,
mainstream,
malfunction,
mandate,
mandate,
maneuver,
maneuver,
maneuver,
manipulation,
manipulation,
manuscript,
manuscript,
marker,
marker,
marketer,
marketplace,
marketplace,
marrow,
matrix,
matrix,
maturity,
maturity,
maximization,
meantime,
mechanism,
mechanism,
median,
median,
membrane,
memo,
memorandum,
mercury,
mercury,
merit,
metabolism,
methodology,
metric,
migrant,
migrant,
milestone,
milestone,
militant,
military,
militia,
ministry,
ministry,
mister,
mode,
mode,
module,
mole,
mole,
mole,
mole,
momentum,
momentum,
monopolist,
morale,
morphology,
mortality,
mortality,
mercury,
mercury,
merit,
metabolism,
methodology,
metric,
migrant,
migrant,
milestone,
milestone,
militant,
military,
militia,
ministry,
ministry,
mister,
mode,
mode,
module,
mole,
mole,
mole,
mole,
momentum,
momentum,
monopolist,
morale,
morphology,
mortality,
mortality,
motif,
multiplier,
mutation,
narrative,
narrative,
nationalism,
native,
negligence,
negotiator,
nest,
neuron,
newsletter,
newsstand,
niche,
niche,
nitrogen,
node,
norm,
notation,
novice,
occupancy,
occurrence,
odds,
odds,
offensive,
offset,
offspring,
onset,
operative,
optimization,
ordinate,
orientation,
orientation,
oscillation,
outflow,
outlay,
oval,
overhaul,
oversight,
oversight,
overview,
ownership,
pact,
pant,
par,
par,
paradigm,
parameter,
paramilitary,
parenthesis,
parity,
partition,
partition,
past,
patent,
pathway,
pathway,
payable,
payback,
payback,
paycheck,
payoff,
payoff,
payout,
payroll,
payroll,
peacekeeping,
peasant,
pensioner,
peso,
pest,
pest,
pesticide,
petition,
pharmaceutical,
phosphate,
photocopier,
pioneer,
pipeline,
placement,
plaintiff,
planner,
plantation,
pledge,
plunge,
policyholder,
policymaker,
poll,
poll,
populist,
portfolio,
portfolio,
portfolio,
portrayal,
postgraduate,
potassium,
practitioner,
precedent,
precipitation,
precision,
predator,
predecessor,
pregnancy,
premier,
premise,
premise,
premium,
premium,
prepayment,
prevalence,
preview,
prey,
primer,
privatization,
processor,
procurement,
prod,
productivity,
proficiency,
profitability,
progression,
projector,
proliferation,
prop,
prop,
proposition,
proposition,
proprietorship,
prosecution,
prosecution,
prosecutor,
prospectus,
protein,
protester,
protocol,
protocol,
proton,
prototype,
provider,
proxy,
purchaser,
quantum,
quota,
radius,
raid,
ratio,
rationale,
rationality,
reactor,
realism,
realm,
realm,
realtor,
rebate,
rebound,
rebound,
receivable,
receiver,
receiver,
receiver,
receptor,
recipient,
reconciliation,
reconstruction,
recruiter,
recruitment,
redemption,
redemption,
redesign,
redundancy,
redundancy,
referendum,
referral,
reformer,
reformist,
refreshment,
refreshment,
regression,
regulator,
rehabilitation,
rein,
rein,
reinvestment,
relevance,
reliability,
reliance,
reluctance,
removal,
renewal,
renovation,
reorganization,
repayment,
replication,
representation,
representation,
reproduction,
reproduction,
repurchase,
resale,
reservoir,
reservoir,
residue,
respondent,
restraint,
resume,
résumé,
retention,
revaluation,
reversal,
reviewer,
rhetoric,
rig,
rig,
riot,
rotation,
sack,
sack,
sacrifice,
salespeople,
salvage,
sanction,
sanction,
saver,
scenario,
scorecard,
scrap,
scripture,
scroll,
scroll,
scrutiny,
sediment,
seeker,
segmentation,
sender,
sensitivity,
sensor,
sentiment,
sentiment,
separatist,
serial,
setup,
sexuality,
shareholder,
shipment,
shortfall,
showroom,
shuttle,
simplicity,
simulation,
sin,
sender,
sensitivity,
sensor,
sentiment,
sentiment,
separatist,
serial,
setup,
sexuality,
shareholder,
shipment,
shortfall,
showroom,
shuttle,
simplicity,
simulation,
sin,
skeptic,
sketch,
slab,
slack,
slack,
slowdown,
slump,
snap,
snap,
socialist,
sodium,
solid,
solute,
sovereign,
sovereignty,
span,
specialization,
specification,
specimen,
spectrum,
spectrum,
speculation,
speculation,
speculator,
sperm,
spill,
splice,
spokesperson,
sponsorship,
spouse,
squeeze,
stakeholder,
stance,
stationery,
statistic,
statute,
stem,
stem,
sterling,
stimulus,
stockholder,
stockmarket,
submission,
submission,
subordinate,
subscriber,
subscription,
subsection,
subset,
subsidiary,
subsidy,
substitution,
substrate,
succession,
succession,
successor,
suite,
suite,
superior,
surrender,
sustainability,
swear,
syllabus,
syndicate,
synergy,
syntax,
synthesis,
tactic,
tailor,
takeover,
taker,
tangible,
tariff,
taxation,
taxpayer,
tech,
technician,
telecom,
telecommunication,
template,
tenant,
tenure,
tenure,
termination,
terminology,
textile,
theorem,
threshold,
threshold,
tier,
timber,
tolerance,
tort,
torture,
tract,
tract,
trademark,
trajectory,
tranche,
transaction,
transcription,
transcription,
transit,
transparency,
transplant,
trauma,
treasury,
tribunal,
triple,
trustee,
tumble,
tuple,
turmoil,
turnover,
turnover,
underground,
underwriter,
unity,
unknown,
uranium,
urine,
utilization,
utterance,
vacuum,
vacuum,
validity,
valuation,
valve,
variability,
variance,
variance,
variant,
vector,
vegetation,
velocity,
vendor,
verdict,
veto,
vice,
violation,
void,
volatility,
volition,
voucher,
warehouse,
warrant,
watershed,
watershed,
wavelength,
when,
where,
wholesale,
wholesaler,
wireless,
woe,
workforce,
worksheet,
worth,
yeast,
yen,
yuan,
allegedly,
anytime,
arguably,
beyond,
bodily,
cheaply,
close,
collectively,
consistently,
downward,
duly,
economically,
economically,
efficiently,
enormously,
explicitly,
faithfully,
friendly,
fundamentally,
halfway,
hence,
historically,
hitherto,
hourly,
individually,
inevitably,
interestingly,
internally,
jointly,
materially,
meantime,
monopoly,
mutually,
namely,
notably,
offshore,
offshore,
onwards,
outright,
partially,
periodically,
plainly,
poorly,
predominantly,
purely,
quarterly,
quasi,
randomly,
reportedly,
respectively,
routinely,
seemingly,
silly,
sincerely,
solely,
statistically,
subsequently,
substantially,
swiftly,
thereby,
toward,
unlikely,
upward,
what,
whereby,
wherever,
wholesale,
wholly,
within,
yearly,
abuse,
abuse,
accelerate,
accommodate,
accommodate,
accrue,
activate,
adhere,
administer,
administer,
advocate,
affiliate,
affirm,
align,
allege,
allocate,
amend,
amortize,
anger,
annualize,
archive,
assault,
auction,
audit,
automate,
bail,
be,
be,
beef,
benchmark,
bolster,
bond,
boom,
bound,
boycott,
brave,
breach,
bribe,
buffer,
bug,
campaign,
capitalize,
capitalize,
cater,
caution,
censor,
centralize,
charter,
circulate,
cite,
cite,
clash,
cluster,
combat,
command,
command,
commence,
compel,
comply,
comprise,
computerize,
confer,
confer,
conflict,
conform,
confound,
conglomerate,
consent,
conserve,
consolidate,
consolidate,
constrain,
contemplate,
contend,
contend,
contrast,
converge,
converge,
convict,
coordinate,
correlate,
corrupt,
counsel,
craft,
crunch,
crunch,
crush,
curb,
customize,
damn,
decentralize,
decree,
deduct,
default,
default,
defer,
defer,
degrade,
delegate,
deliberate,
denominate,
denote,
denounce,
dent,
depict,
deploy,
depreciate,
depress,
depress,
designate,
deter,
deteriorate,
devise,
diagnose,
dictate,
dictate,
diet,
differentiate,
dilute,
diminish,
dine,
discharge,
discharge,
discharge,
disclose,
discontinue,
dismantle,
dispatch,
dispose,
dissent,
distort,
distress,
diversify,
do,
dock,
doom,
dot,
downgrade,
drift,
drill,
drill,
dub,
dub,
duplicate,
echo,
elevate,
embed,
embody,
embrace,
embrace,
emit,
empower,
enact,
encode,
encompass,
enlarge,
entail,
equate,
erase,
erode,
escort,
exaggerate,
excite,
exempt,
exert,
exhaust,
exhaust,
exile,
expire,
ferry,
finalize,
flourish,
fluctuate,
forge,
forge,
formulate,
foster,
foster,
founder,
founder,
fret,
frustrate,
gamble,
gaze,
gesture,
golf,
grasp,
grasp,
grin,
ground,
ground,
halt,
haul,
hike,
incorporate,
induce,
inhibit,
initiate,
input,
insert,
institute,
insure,
intensify,
inter,
intercept,
intern,
intervene,
intrigue,
invert,
isolate,
jail,
kidnap,
labor,
lag,
launder,
lease,
leverage,
levy,
liberalize,
liquidate,
loom,
lure,
malfunction,
mandate,
maneuver,
mar,
mask,
maximize,
mediate,
merit,
migrate,
misplace,
mitigate,
mold,
mortgage,
nail,
nail,
nap,
nationalize,
neglect,
nominate,
notify,
oblige,
offset,
omit,
opt,
optimize,
orient,
oust,
outfit,
outperform,
outrage,
outsource,
launder,
lease,
leverage,
levy,
liberalize,
liquidate,
loom,
lure,
malfunction,
mandate,
maneuver,
mar,
mask,
maximize,
mediate,
merit,
migrate,
misplace,
mitigate,
mold,
mortgage,
nail,
nail,
nap,
nationalize,
neglect,
nominate,
notify,
oblige,
offset,
omit,
opt,
optimize,
orient,
oust,
outfit,
outperform,
outrage,
outsource,
overhaul,
overlap,
oversee,
overstate,
oxidize,
pan,
pan,
patch,
patent,
peg,
peg,
petition,
photocopy,
pile,
pioneer,
pit,
plague,
pledge,
plunge,
plunge,
portray,
pose,
pose,
precipitate,
predetermine,
presume,
preview,
privatize,
prod,
profit,
prolong,
proofread,
prop,
provoke,
pump,
query,
rage,
raid,
rally,
randomize,
rank,
ratify,
ration,
reap,
reassure,
rebound,
reconcile,
reconstruct,
redeem,
redesign,
reference,
refinance,
refine,
reform,
refund,
reimburse,
rein,
reinvest,
relocate,
remedy,
,
remodel,
render,
render,
renovate,
reopen,
,
replicate,
reprint,
repurchase,
reschedule,
restate,
restrain,
restructure,
rig,
riot,
rocket,
rotate,
sacrifice,
salt,
salvage,
sample,
scrap,
seal,
secrete,
secure,
shade,
shed,
shed,
shed,
shield,
sightsee,
simulate,
situate,
slash,
slim,
slump,
,
smuggle,
sophisticate,
spark,
speculate,
speculate,
spur,
spy,
stabilize,
stack,
stake,
stall,
stall,
standardize,
streamline,
subscribe,
subsidize,
surge,
survey,
swap,
syndicate,
tag,
tailor,
terminate,
thrive,
transcribe,
trigger,
trim,
triple,
triumph,
unauthorize,
underlie,
undermine,
underpin,
undervalue,
underwrite,
unveil,
uplift,
vacuum,
verify,
vest,
veto,
void,
vow,
warrant,
weave,
withhold,
amid,
out,
pending,
pursuant,
anti,
ex,
micro,
multi,
neo,
non,
pre,
semi,
sub,
trans,
albeit,
however,
whilst,
have,
ought,
former,
own,
abdominal,
accountable,
acidic,
adaptive,
adjacent,
advisory,
aesthetic,
alert,
alternate,
alternate,
analytic,
analytical,
antibiotic,
antitrust,
any,
any,
any,
applicable,
arbitrary,
attributable,
auto,
autonomous,
averse,
bacterial,
bankrupt,
behavioral,
bilateral,
binary,
broadband,
brutal,
bureaucratic,
capital,
capital,
capital,
charitable,
chronic,
clinical,
clinical,
cognitive,
collateral,
collective,
compact,
comparable,
comparative,
complimentary,
complimentary,
composite,
conceptual,
conditional,
confidential,
congressional,
congruent,
consecutive,
constituent,
constitutional,
constructive,
continental,
contingent,
contractual,
convertible,
coronary,
corrective,
correspondent,
credible,
crude,
crude,
cumulative,
cyclic,
cyclical,
decimal,
deductible,
defective,
defensive,
deliverable,
demographic,
deputy,
desktop,
developmental,
diagnostic,
differential,
dimensional,
diplomatic,
discrete,
discretionary,
dismal,
disposable,
dissident,
folk,
fragile,
fraudulent,
generic,
grammatical,
grave,
guerrilla,
harsh,
headline,
horizontal,
hostile,
hypothetical,
ideological,
illogical,
imminent,
immune,
implicit,
inappropriate,
incomplete,
inconsistent,
incremental,
indigenous,
inefficient,
inferior,
infinite,
inflationary,
inherent,
institutional,
insurgent,
intangible,
integral,
interim,
interior,
intermediary,
intrinsic,
irrelevant,
judicial,
junk,
knowledgeable,
last,
last,
lateral,
less,
lesser,
lexical,
liable,
liable,
likewise,
linear,
linguistic,
locally,
longitudinal,
longitudinal,
macro,
macroeconomic,
magnetic,
magnetic,
mainstream,
managerial,
mandatory,
many,
marginal,
marketable,
master,
maternal,
median,
mid,
migrant,
militant,
mini,
minimal,
molecular,
monetary,
more,
morphological,
multinational,
municipal,
nationalist,
negotiable,
neither,
neural,
next,
nominal,
nominal,
nonlinear,
notable,
null,
obscure,
ongoing,
operational,
operative,
optical,
optimal,
optimum,
organizational,
other,
outdated,
outgoing,
outgoing,
outright,
overdue,
overhead,
parallel,
parallel,
paramilitary,
parliamentary,
payable,
peacekeeping,
pending,
periodic,
peripheral,
perpetual,
pharmaceutical,
phenomenal,
phonological,
photographic,
physiological,
plausible,
plural,
polar,
polar,
populist,
portable,
pragmatic,
premier,
premium,
problematic,
profound,
promotional,
prone,
prone,
proportional,
proprietary,
prospective,
provincial,
prudent,
psychiatric,
qualitative,
quantitative,
quarterly,
quasi,
radical,
radical,
random,
reactive,
realizable,
receivable,
reformist,
regardless,
regulatory,
relational,
renewable,
rental,
residual,
resistant,
respective,
restrictive,
retail,
rigid,
rigid,
rigorous,
rival,
robust,
satellite,
scarce,
scratch,
secular,
selective,
semantic,
sensory,
separatist,
skeptical,
slack,
socialist,
sole,
soluble,
soluble,
sovereign,
spacious,
spatial,
speculative,
speculative,
spontaneous,
static,
statistical,
statutory,
sterling,
sterling,
stochastic,
structural,
subjective,
subordinate,
subprime,
subsequent,
subsidiary,
such,
supervisory,
surface,
surgical,
surplus,
susceptible,
sustainable,
syntactic,
synthetic,
tactical,
tangible,
taxable,
temporal,
textile,
theoretical,
thermal,
through,
tribal,
trim,
triple,
unattended,
under,
unfavorable,
unintelligible,
unpaid,
unprecedented,
unreal,
unsecured,
unspecified,
unstable,
upcoming,
variable,
vertical,
viable,
void,
volatile,
volatile,
voluntary,
vulnerable,
wary,
which,
wholesale,
wireless,
yearly,
alas,
hello,
okay,
sorry,
sorry,
yeah,
yes,
action,
action,
action,
action,
activity,
activity,
actor,
actor,
address,
address,
address,
afternoon,
age,
age,
age,
airplane,
airport,
album,
album,
animal,
answer,
answer,
apple,
arm,
arm,
arm,
art,
art,
art,
article,
article,
article,
article,
aunt,
autumn,
baby,
bag,
ball,
ball,
band,
band,
band,
bank,
bank,
baseball,
basketball,
bat,
bat,
bath,
bathroom,
beach,
bear,
bed,
bedroom,
beef,
bell,
bicycle,
bike,
bird,
birth,
birthday,
board,
board,
board,
boat,
body,
body,
body,
bone,
book,
bookstore,
bottle,
bottom,
bowl,
box,
boy,
brain,
bread,
breakfast,
bridge,
brother,
brush,
bucket,
bus,
business,
business,
button,
café,
cake,
camera,
camp,
cap,
cap,
car,
card,
case,
case,
case,
cat,
celebration,
chair,
chair,
character,
character,
character,
cheese,
chicken,
child,
chocolate,
church,
cinema,
circle,
circle,
city,
class,
class,
class,
classroom,
clock,
cloth,
clothes,
cloud,
club,
club,
coach,
coach,
coat,
code,
code,
code,
coffee,
collection,
college,
color,
computer,
concert,
contest,
conversation,
corn,
corner,
course,
course,
course,
cousin,
cover,
cover,
cover,
cover,
cow,
cream,
culture,
culture,
cup,
cup,
cup,
dad,
date,
date,
date,
daughter,
day,
day,
desk,
desk,
dictionary,
difference,
difference,
dinner,
dish,
dish,
doctor,
doctor,
dog,
dollar,
door,
drama,
drama,
dream,
dream,
dress,
dress,
driver,
driver,
e-mail,
ear,
ear,
egg,
end,
end,
engineer,
evening,
event,
event,
example,
eye,
eye,
eye,
face,
face,
face,
face,
factory,
family,
fan,
fan,
farm,
farmer,
father,
festival,
fever,
field,
field,
field,
fight,
finish,
fire,
fire,
fire,
fish,
flag,
floor,
floor,
floor,
flower,
food,
football,
foreigner,
form,
form,
form,
friend,
fruit,
fruit,
future,
game,
game,
garbage,
garden,
ghost,
gift,
gift,
girl,
glass,
glass,
glass,
goal,
goal,
grade,
grade,
grade,
grammar,
grandmother,
grass,
group,
guest,
guitar,
guy,
habit,
hair,
half,
hall,
hall,
hat,
headache,
health,
heart,
heart,
heart,
hill,
history,
hobby,
hole,
holiday,
holiday,
home,
homework,
hope,
horse,
hospital,
hotel,
hour,
house,
husband,
ice,
ice cream,
idea,
information,
internet,
interviewer,
island,
item,
jacket,
jet,
jet,
jewelry,
job,
juice,
key,
key,
key,
key,
kid,
kind,
king,
kitchen,
knee,
knife,
lady,
language,
leader,
leaf,
leg,
lesson,
lesson,
letter,
letter,
library,
life,
life,
list,
luck,
lunch,
machine,
machine,
magazine,
magazine,
mail,
mail,
man,
man,
map,
march,
march,
match,
match,
match,
matter,
matter,
matter,
meal,
meat,
meat,
medicine,
medicine,
memory,
memory,
memory,
message,
message,
milk,
mind,
mind,
minute,
minute,
minute,
mom,
moment,
money,
monkey,
month,
moon,
morning,
message,
message,
milk,
mind,
mind,
minute,
minute,
minute,
mom,
moment,
money,
monkey,
month,
moon,
morning,
mother,
mountain,
mountain,
mouse,
mouse,
mouth,
mouth,
movie,
music,
musician,
name,
name,
neck,
neck,
neighbor,
news,
newspaper,
night,
noise,
nose,
nose,
number,
number,
number,
nurse,
office,
office,
officer,
officer,
officer,
opera,
owner,
page,
pair,
paper,
paper,
paper,
paper,
paragraph,
parent,
partner,
partner,
party,
party,
party,
peace,
pen,
pen,
people,
people,
period,
period,
period,
period,
person,
pet,
photo,
piano,
picnic,
picture,
picture,
picture,
piece,
piece,
pig,
pizza,
plane,
plane,
player,
player,
pleasure,
pocket,
poem,
pollution,
pool,
pool,
pool,
poster,
potato,
present,
present,
problem,
program,
program,
program,
quarter,
quarter,
quarter,
quarter,
radio,
rain,
rat,
reader,
reason,
reason,
reporter,
restaurant,
rice,
river,
role,
room,
room,
rose,
row,
row,
rule,
rule,
ruler,
ruler,
salad,
sale,
sale,
sale,
sandwich,
school,
school,
school,
science,
scientist,
sea,
seat,
section,
self,
sentence,
sentence,
sheep,
shelf,
ship,
shirt,
shoe,
shop,
shoulder,
shower,
shower,
side,
side,
sight,
sight,
sight,
sign,
sign,
sign,
singer,
sir,
sentence,
sentence,
sheep,
shelf,
ship,
shirt,
shoe,
shop,
shoulder,
shower,
shower,
side,
side,
sight,
sight,
sight,
sign,
sign,
sign,
singer,
sir,
sister,
sister,
site,
site,
size,
skill,
skirt,
sky,
snake,
snow,
soccer,
sofa,
son,
song,
soup,
speech,
speech,
sport,
spot,
spot,
spring,
spring,
spring,
spy,
stage,
stage,
star,
star,
start,
station,
station,
station,
stone,
store,
store,
story,
story,
street,
student,
subject,
subject,
subject,
subject,
subway,
sugar,
suggestion,
suggestion,
sum,
summer,
sun,
supermarket,
table,
table,
taxi,
tea,
teacher,
team,
technology,
telephone,
television,
tennis,
test,
test,
theater,
ticket,
tomato,
tool,
tooth,
top,
top,
topic,
towel,
tower,
town,
toy,
train,
tree,
trip,
truck,
tube,
type,
type,
umbrella,
uncle,
underline,
vacation,
vegetable,
video,
waiter,
waitress,
wall,
war,
water,
weather,
week,
weekend,
wheel,
wife,
wind,
window,
winter,
woman,
word,
work,
work,
worker,
world,
writer,
yard,
yard,
year,
zoo,
hand,
hand,
hand,
hand,
head,
head,
head,
head,
line,
line,
line,
line,
thing,
thing,
thing,
thing,
time,
time,
time,
time,
way,
way,
way,
above,
again,
ago,
almost,
alone,
alone,
already,
also,
always,
away,
before,
behind,
below,
carefully,
else,
everywhere,
here,
how,
how,
just,
just,
just,
just,
maybe,
never,
no,
not,
now,
now,
o'clock,
often,
once,
once,
once,
only,
please,
quickly,
really,
really,
soon,
then,
then,
then,
there,
there,
today,
together,
tomorrow,
tonight,
too,
too,
usually,
very,
well,
well,
well,
why,
yesterday,
yet,
yet,
yet,
add,
agree,
arrive,
ask,
ask,
become,
begin,
believe,
blow,
blow,
borrow,
breathe,
bring,
brush,
build,
buy,
carry,
catch,
celebrate,
change,
choose,
collect,
collect,
come,
come,
come,
cook,
cut,
cut,
dance,
describe,
discuss,
draw,
draw,
draw,
draw,
drink,
drop,
drop,
drop,
eat,
enjoy,
feel,
feel,
feel,
fill,
fill,
find,
find,
fly,
fly,
forget,
give,
give,
greet,
grow,
grow,
grow,
guess,
happen,
hear,
hear,
help,
help,
hide,
hurt,
hurt,
imagine,
introduce,
introduce,
join,
join,
judge,
judge,
jump,
keep,
keep,
keep,
keep,
kick,
kill,
know,
know,
laugh,
learn,
leave,
leave,
leave,
leave,
let,
like,
listen,
live,
live,
look,
look,
love,
mean,
mean,
meet,
meet,
meet,
miss,
miss,
miss,
note,
note,
laugh,
learn,
leave,
leave,
leave,
leave,
let,
like,
listen,
live,
live,
look,
look,
love,
mean,
mean,
meet,
meet,
meet,
miss,
miss,
miss,
note,
note,
paint,
pay,
phone,
pick,
pick,
pick,
play,
play,
play,
practice,
pray,
push,
read,
repeat,
ride,
save,
save,
say,
see,
see,
see,
sell,
show,
show,
sing,
sit,
sleep,
solve,
speak,
speak,
spend,
spend,
stay,
stop,
study,
swim,
talk,
teach,
tell,
tell,
thank,
think,
travel,
use,
visit,
wait,
walk,
want,
wash,
watch,
wear,
win,
write,
break,
break,
break,
break,
get,
get,
get,
get,
get,
go,
go,
go,
go,
make,
make,
make,
make,
put,
put,
put,
run,
run,
run,
run,
take,
take,
take,
take,
turn,
turn,
turn,
turn,
anybody,
anyone,
anything,
everybody,
everyone,
everything,
he,
I,
it,
it,
mine,
much,
nothing,
she,
someone,
something,
that,
that,
they,
they,
this,
we,
who,
who,
you,
yourself,
about,
about,
about,
as,
at,
at,
at,
beside,
between,
by,
by,
by,
for,
for,
for,
for,
from,
in,
in,
in,
into,
into,
of,
of,
of,
on,
on,
on,
over,
over,
over,
to,
to,
up,
with,
with,
with,
and,
and,
and,
because,
but,
but,
if,
if,
or,
or,
or,
so,
so,
than,
one,
can,
can,
can,
could,
could,
could,
may,
may,
must,
must,
should,
should,
will,
will,
will,
would,
would,
would,
a,
another,
both,
each,
every,
some,
some,
the,
afraid,
afraid,
angry,
bad,
bad,
bad,
beautiful,
big,
big,
black,
black,
blank,
blue,
blue,
bright,
bright,
brown,
busy,
busy,
careful,
clean,
clever,
cloudy,
cold,
cold,
cool,
cool,
cool,
correct,
dark,
dark,
dear,
dear,
delicious,
different,
difficult,
dirty,
foreign,
front,
full,
fun,
funny,
funny,
glad,
gray,
great,
great,
happy,
healthy,
heavy,
heavy,
high,
hot,
hot,
hot,
hungry,
ideal,
important,
large,
late,
late,
lazy,
little,
little,
long,
lovely,
lucky,
new,
nice,
off,
off,
old,
old,
open,
orange,
personal,
pink,
poor,
poor,
pretty,
quiet,
rainy,
ready,
real,
red,
rich,
rich,
rich,
sad,
same,
second,
sick,
sick,
slow,
small,
smart,
smart,
social,
social,
special,
strange,
strict,
strong,
successful,
sunny,
super,
sure,
sweet,
tall,
terrible,
thick,
thick,
thin,
tight,
TRUE,
ugly,
warm,
white,
wonderful,
wrong,
wrong,
yellow,
young,
fine,
fine,
fine,
fine,
free,
free,
free,
free,
good,
good,
good,
good,
hard,
hard,
hard,
hard,
light,
light,
light,
light,
right,
right,
right,
right,
hi,
ability,
accident,
accident,
account,
account,
account,
account,
account,
addition,
addition,
adult,
advantage,
adventure,
advertisement,
advice,
affair,
affair,
affair,
agency,
agency,
agent,
agent,
agent,
air,
air,
air,
air,
aisle,
alarm,
alarm,
alarm,
ambition,
ancestor,
ancestor,
anniversary,
apartment,
appearance,
appearance,
appointment,
appointment,
architecture,
architecture,
area,
area,
area,
argument,
argument,
association,
association,
association,
athlete,
atom,
attention,
attitude,
audience,
audience,
author,
background,
background,
bargain,
bargain,
base,
base,
base,
basket,
batch,
battery,
battery,
beauty,
beer,
behavior,
belt,
bench,
bench,
bill,
bill,
bill,
bit,
bit,
blood,
bonus,
boss,
brake,
branch,
branch,
brand,
budget,
bug,
bug,
businessman,
cab,
cafeteria,
calendar,
campus,
captain,
captain,
cash,
castle,
cent,
center,
center,
century,
chain,
chain,
chairman,
challenge,
championship,
chance,
chance,
chance,
chapter,
chart,
chart,
cheek,
chef,
cheque,
chess,
chest,
chest,
childhood,
choice,
cigarette,
citizen,
cleaner,
cleaner,
clerk,
clue,
coast,
coin,
column,
column,
commitment,
committee,
communication,
communication,
company,
company,
company,
competition,
complaint,
composer,
concern,
concern,
concern,
condition,
condition,
consequence,
container,
context,
continent,
convenience,
cost,
cost,
country,
country,
countryside,
couple,
couple,
court,
court,
court,
creativity,
creature,
credit,
credit,
credit,
credit,
crime,
crowd,
cruise,
custom,
custom,
customer,
danger,
death,
debate,
degree,
degree,
degree,
dentist,
description,
desert,
dessert,
detail,
diamond,
diamond,
diamond,
diary,
difficulty,
direction,
direction,
direction,
director,
director,
disadvantage,
discussion,
dislike,
doubt,
drawer,
drill,
drill,
drug,
drug,
dust,
earth,
earth,
earthquake,
east,
editor,
education,
effect,
effect,
effect,
effort,
elevator,
emergency,
entertainment,
entrance,
entrance,
envelope,
episode,
episode,
error,
essay,
euro,
evidence,
exam,
exercise,
exercise,
exercise,
exhibition,
experience,
experience,
expert,
explanation,
expression,
expression,
expression,
fact,
fare,
fashion,
fashion,
fault,
fault,
fault,
favor,
fear,
feature,
feature,
feature,
feature,
fee,
fence,
fiction,
fighter,
film,
film,
film,
flight,
flight,
flight,
float,
flood,
folder,
fool,
forest,
fortune,
fortune,
frame,
frame,
freedom,
friendship,
furniture,
gallery,
garage,
gas,
gas,
gate,
gender,
generation,
generation,
globe,
glove,
gold,
golf,
government,
gram,
green,
gun,
happiness,
harvest,
hero,
highway,
hike,
honor,
horror,
host,
host,
host,
host,
image,
image,
image,
imagination,
impact,
impact,
importance,
inch,
independence,
insect,
instrument,
instrument,
intelligence,
intelligence,
invention,
issue,
issue,
issue,
jam,
jam,
journey,
joy,
junk,
killer,
kilometer,
knowledge,
lake,
lamp,
landscape,
lane,
law,
law,
lawyer,
leather,
left,
leisure,
liberty,
lifestyle,
lip,
liter,
load,
load,
lot,
lot,
lot,
lover,
lover,
lunchtime,
magic,
magic,
maker,
mall,
manager,
manner,
manner,
manner,
market,
market,
material,
material,
material,
member,
menu,
menu,
metal,
meter,
meter,
method,
middle,
midnight,
mirror,
mirror,
mistake,
model,
model,
model,
model,
mood,
menu,
menu,
metal,
meter,
meter,
method,
middle,
midnight,
mirror,
mirror,
mistake,
model,
model,
model,
model,
mood,
mosque,
murder,
museum,
mystery,
mystery,
nation,
nation,
nature,
nature,
noon,
north,
noun,
novel,
occupation,
occupation,
oil,
oil,
opinion,
opportunity,
oven,
painter,
painter,
pan,
panic,
part,
part,
part,
passage,
passage,
passage,
passenger,
path,
path,
performance,
performance,
performance,
permission,
personality,
personality,
petrol,
photograph,
photographer,
photography,
pile,
pill,
pilot,
planet,
plant,
plant,
plate,
plate,
police,
policeman,
population,
population,
portrait,
position,
position,
position,
power,
power,
power,
power,
prediction,
pressure,
pressure,
pride,
printer,
printer,
pro,
pro,
product,
production,
psychologist,
purpose,
quality,
quality,
quiz,
range,
range,
range,
rate,
rate,
rate,
ray,
receipt,
receipt,
receptionist,
refrigerator,
reply,
report,
report,
report,
response,
rhythm,
ring,
ring,
ring,
ring,
road,
rock,
rock,
roof,
root,
root,
rope,
rumor,
sake,
salt,
scale,
scale,
scale,
scale,
scene,
scene,
screen,
screen,
script,
script,
secretary,
secretary,
seed,
semester,
shade,
shade,
shade,
shadow,
shape,
share,
share,
shell,
shell,
shock,
shore,
short,
short,
silence,
silver,
semester,
shade,
shade,
shade,
shadow,
shape,
shape,
share,
share,
shell,
shell,
shock,
shore,
short,
short,
silence,
silver,
situation,
ski,
slave,
slice,
snack,
soap,
society,
society,
software,
soldier,
solution,
solution,
sound,
sound,
source,
south,
space,
space,
speaker,
speaker,
speed,
square,
square,
square,
stadium,
staff,
staff,
stair,
stamp,
stamp,
state,
state,
state,
statement,
statement,
statue,
step,
step,
step,
stomach,
storm,
stranger,
strategy,
strength,
string,
string,
string,
structure,
structure,
stuff,
style,
success,
suitcase,
summary,
sweater,
symbol,
symbol,
system,
system,
talent,
target,
target,
task,
tear,
tear,
teenager,
temperature,
text,
text,
textbook,
timetable,
tip,
tip,
tip,
title,
title,
tone,
tone,
tone,
tour,
tourist,
tradition,
traffic,
trap,
traveler,
trouble,
truth,
tune,
uniform,
unit,
unit,
university,
valley,
verb,
view,
view,
village,
visitor,
vocabulary,
voice,
wallet,
wealth,
web,
web,
website,
weekday,
weight,
west,
wine,
winner,
wisdom,
wood,
wood,
youth,
zone,
set,
set,
set,
abroad,
across,
actually,
after,
ahead,
all,
alright,
alright,
anymore,
anyway,
anyway,
anywhere,
apart,
apparently,
around,
around,
automatically,
badly,
badly,
basically,
certainly,
certainly,
clearly,
correctly,
daily,
deeply,
differently,
downstairs,
downtown,
easily,
elsewhere,
especially,
even,
ever,
exactly,
exactly,
extremely,
fairly,
fairly,
finally,
finally,
forever,
forward,
fully,
gradually,
greatly,
hardly,
heavily,
importantly,
indeed,
indeed,
instead,
mainly,
mostly,
nearly,
nowadays,
overseas,
partly,
perfectly,
perhaps,
physically,
possibly,
possibly,
probably,
quietly,
quite,
quite,
rather,
rather,
recently,
regularly,
roughly,
roughly,
sadly,
sadly,
seriously,
seriously,
simply,
simply,
slowly,
somewhere,
still,
still,
still,
strongly,
successfully,
therefore,
truly,
twice,
unfortunately,
upstairs,
weekly,
widely,
worldwide,
accept,
accept,
achieve,
adjust,
admire,
admit,
admit,
advise,
allow,
annoy,
apologize,
appear,
appear,
apply,
apply,
apply,
appreciate,
appreciate,
argue,
attack,
avoid,
bake,
belong,
bend,
blame,
bother,
bury,
call,
call,
call,
cause,
chat,
check,
check,
cheer,
claim,
claim,
click,
climb,
climb,
clone,
communicate,
compare,
compare,
complain,
concentrate,
concentrate,
confuse,
confuse,
consider,
consider,
consist,
consist,
contact,
continue,
copy,
copy,
count,
count,
create,
criticize,
cross,
cry,
cry,
decide,
depend,
destroy,
develop,
develop,
die,
disagree,
disappear,
discover,
disturb,
divide,
download,
drive,
drive,
earn,
earn,
encourage,
encourage,
enter,
enter,
establish,
establish,
establish,
exist,
expect,
expect,
explain,
explore,
fail,
fail,
figure,
figure,
follow,
follow,
follow,
forbid,
freeze,
freeze,
freeze,
frighten,
gather,
graduate,
harm,
hate,
hit,
hit,
hit,
hold,
hold,
hold,
hold,
hurry,
impress,
improve,
include,
increase,
indicate,
injure,
invade,
invent,
invite,
lend,
lie,
lie,
lose,
lose,
manage,
manage,
mark,
mark,
mark,
marry,
mix,
move,
move,
move,
need,
offer,
operate,
operate,
operate,
oppose,
order,
order,
organize,
lend,
lie,
lie,
lose,
lose,
manage,
manage,
mark,
mark,
mark,
marry,
mix,
move,
move,
move,
need,
offer,
operate,
operate,
operate,
oppose,
order,
order,
organize,
pack,
park,
pass,
pass,
pass,
perform,
perform,
point,
post,
post,
post,
pour,
predict,
prefer,
prepare,
pretend,
prevent,
print,
produce,
pronounce,
provide,
publish,
pull,
pursue,
quit,
raise,
raise,
raise,
raise,
reach,
reach,
realize,
realize,
receive,
recycle,
refer,
refer,
refer,
reflect,
reflect,
regret,
relax,
remain,
remind,
rent,
repair,
replace,
represent,
represent,
retire,
return,
return,
reveal,
ruin,
satisfy,
seek,
seem,
send,
serve,
serve,
serve,
shine,
shoot,
shoot,
shoot,
shut,
smoke,
spell,
spill,
stand,
stand,
steal,
succeed,
succeed,
suggest,
suggest,
suit,
survive,
throw,
trust,
try,
try,
understand,
wander,
weigh,
weigh,
wish,
worry,
herself,
himself,
itself,
most,
myself,
nobody,
ourselves,
somebody,
themselves,
against,
against,
against,
along,
among,
down,
during,
except,
plus,
since,
upon,
without,
although,
while,
while,
might,
might,
shall,
shall,
several,
whatever,
acceptable,
additional,
alive,
ancient,
anxious,
anxious,
appropriate,
artificial,
attractive,
audio,
automatic,
average,
awful,
back,
basic,
brave,
brilliant,
brilliant,
brilliant,
certain,
certain,
cheap,
cheap,
colorful,
comfortable,
common,
common,
confident,
convenient,
crazy,
creative,
dangerous,
dead,
fit,
fit,
fresh,
fresh,
further,
gentle,
golden,
grateful,
helpful,
ill,
illegal,
impossible,
indoor,
inexpensive,
inner,
instant,
intelligent,
international,
junior,
likely,
local,
logical,
loose,
low,
mad,
mad,
major,
medical,
mobile,
modern,
national,
natural,
natural,
necessary,
negative,
nervous,
noisy,
normal,
official,
online,
opposite,
original,
original,
peaceful,
perfect,
physical,
physical,
pleasant,
polite,
political,
popular,
possible,
powerful,
precise,
principal,
private,
professional,
progressive,
proper,
quick,
raw,
recent,
regular,
regular,
remote,
romantic,
royal,
safe,
scientific,
senior,
significant,
significant,
similar,
simple,
single,
single,
singular,
singular,
slim,
slim,
smooth,
smooth,
soft,
soft,
specific,
straight,
sudden,
suitable,
traditional,
uncertain,
unfair,
unhappy,
unlike,
unnecessary,
unusual,
upset,
useful,
usual,
violent,
weak,
wet,
whole,
wide,
wild,
wild,
windy,
wise,
wooden,
clear,
clear,
clear,
clear,
absence,
absence,
accent,
accent,
accent,
acceptance,
acceptance,
access,
access,
accessory,
accessory,
accountant,
accuracy,
achievement,
achievement,
actress,
ad,
administration,
administration,
admission,
admission,
admission,
adviser,
advisor,
agenda,
agenda,
agreement,
agreement,
agriculture,
aim,
aim,
airline,
alcohol,
alcohol,
allowance,
allowance,
allowance,
alternative,
amount,
analysis,
angle,
angle,
announcement,
anxiety,
anxiety,
apology,
appetite,
appetite,
applause,
application,
application,
application,
appreciation,
appreciation,
appreciation,
approval,
architect,
architect,
army,
army,
army,
arrangement,
arrangement,
arrangement,
arrangement,
arrival,
arrow,
arrow,
artist,
aspect,
assignment,
assignment,
assistance,
assistant,
atmosphere,
atmosphere,
attachment,
attachment,
attachment,
attraction,
attraction,
attraction,
authority,
authority,
authority,
awareness,
baggage,
barrel,
barrel,
basin,
basin,
basis,
battle,
behalf,
belief,
benefit,
benefit,
bin,
biography,
biology,
blog,
bomb,
boom,
boom,
boot,
border,
breakthrough,
breast,
breath,
brick,
bubble,
bubble,
builder,
bull,
bullet,
bulletin,
bunch,
buyer,
cabin,
cabin,
calculation,
calculator,
caller,
caller,
cancer,
capacity,
capacity,
career,
carpet,
category,
cattle,
caution,
celebrity,
cell,
cell,
cell,
ceremony,
certainty,
champion,
champion,
channel,
channel,
channel,
chaos,
charity,
charm,
chat,
chemical,
chemistry,
chemistry,
citizenship,
civilization,
click,
click,
climate,
climate,
clinic,
clip,
clip,
coal,
collar,
combination,
comedy,
comfort,
comma,
comment,
comparison,
competitor,
complement,
complement,
composition,
composition,
compound,
compound,
compound,
compromise,
concentration,
concentration,
concept,
conclusion,
confidence,
confidence,
confirmation,
confusion,
connection,
connection,
conservation,
consideration,
consideration,
consonant,
constitution,
constitution,
constitution,
construction,
consumer,
consumption,
content,
content,
contribution,
contribution,
copyright,
correction,
cotton,
council,
county,
craft,
craft,
crisis,
critic,
crop,
cure,
currency,
currency,
curriculum,
curtain,
curve,
cycle,
cycle,
damage,
damage,
darkness,
deadline,
dealer,
debt,
decision,
declaration,
deed,
deed,
defense,
defense,
deficiency,
definition,
definition,
delight,
delivery,
delivery,
delivery,
democracy,
demonstration,
demonstration,
department,
departure,
departure,
deposit,
deposit,
deposit,
depression,
depression,
depression,
depth,
depth,
designer,
destination,
destruction,
determination,
determination,
development,
development,
development,
device,
device,
diagram,
dial,
dialog,
diameter,
diligence,
dioxide,
disability,
disagreement,
disaster,
discount,
discovery,
discrimination,
discrimination,
disease,
disk,
distance,
distinction,
distinction,
distribution,
distribution,
district,
disturbance,
document,
dot,
dozen,
duty,
duty,
ecology,
economy,
economy,
edge,
edge,
edition,
efficiency,
election,
electricity,
electron,
element,
element,
emotion,
emperor,
emphasis,
empire,
empire,
employment,
encyclopedia,
enemy,
engine,
enthusiasm,
entry,
entry,
entry,
equality,
equipment,
era,
essence,
establishment,
establishment,
establishment,
examination,
examination,
examination,
excellence,
excess,
excitement,
existence,
exit,
exit,
expense,
experiment,
exploration,
explosion,
explosion,
extent,
facility,
facility,
failure,
failure,
failure,
fall,
fall,
fall,
fax,
fellow,
ferry,
filter,
finger,
firefighter,
fitness,
flavor,
flu,
fold,
foot,
foot,
foot,
forecast,
format,
formula,
formula,
foundation,
foundation,
foundation,
fountain,
fragment,
frequency,
frequency,
frustration,
fuel,
function,
function,
function,
fund,
fund,
gallon,
gap,
gap,
garment,
gene,
genetics,
gentleman,
geography,
gesture,
glance,
goods,
governor,
graduation,
graph,
graphics,
grave,
greenhouse,
growth,
growth,
guidance,
gym,
habitat,
harbor,
hazard,
headline,
height,
hip,
historian,
horizon,
household,
human,
humor,
hunger,
identity,
identity,
illness,
immigration,
impression,
impression,
improvement,
incident,
income,
industry,
industry,
industry,
infection,
ingredient,
injury,
ink,
inquiry,
insight,
inspection,
instance,
institute,
instruction,
instruction,
instructor,
insurance,
intention,
interaction,
interval,
interval,
introduction,
introduction,
invasion,
investigation,
invitation,
iron,
iron,
isolation,
jail,
jazz,
journal,
journal,
journalist,
judgment,
judgment,
justice,
justice,
keyboard,
lab,
laboratory,
ladder,
land,
land,
landlord,
laughter,
layer,
leadership,
league,
league,
lecture,
length,
librarian,
limit,
limitation,
liquid,
literature,
literature,
liver,
location,
log,
log,
logic,
logo,
loss,
loss,
loss,
loyalty,
luggage,
lung,
luxury,
luxury,
maintenance,
maintenance,
majority,
majority,
management,
management,
marble,
marble,
marriage,
mathematics,
maximum,
mayor,
measurement,
measurement,
mechanic,
medium,
medium,
membership,
merchant,
mess,
mess,
mile,
mineral,
minimum,
minority,
minority,
mission,
mission,
mission,
molecule,
monitor,
monitor,
merchant,
mess,
mess,
mile,
mineral,
minimum,
minority,
minority,
mission,
mission,
mission,
molecule,
monitor,
monitor,
motivation,
motivation,
motive,
motor,
motorcycle,
movement,
movement,
movement,
muscle,
muscle,
myth,
myth,
nail,
nail,
nap,
nationalist,
negotiation,
neighborhood,
net,
net,
net,
network,
network,
network,
newcomer,
notion,
nucleus,
nucleus,
nutrient,
objection,
objective,
observation,
observation,
obstacle,
occasion,
occasion,
ocean,
operation,
operation,
operation,
operation,
opposition,
opposition,
option,
option,
organ,
organ,
organ,
organism,
organization,
organization,
origin,
oxygen,
pace,
pace,
package,
package,
pain,
pain,
parcel,
parcel,
participant,
passion,
passport,
password,
patience,
pattern,
pattern,
percent,
performer,
pharmacy,
phenomenon,
philosopher,
philosophy,
philosophy,
photocopy,
phrase,
physics,
pipe,
pipe,
pit,
pit,
pit,
plastic,
platform,
platform,
platform,
plug,
poet,
poetry,
poison,
pole,
pole,
policy,
policy,
politician,
politics,
port,
port,
possession,
possession,
possibility,
postcard,
pot,
pound,
pound,
poverty,
powder,
praise,
preference,
prejudice,
preparation,
prescription,
presence,
presentation,
presentation,
president,
president,
principle,
principle,
prison,
prisoner,
privacy,
prize,
probability,
producer,
profession,
professor,
promotion,
promotion,
proof,
property,
property,
property,
proportion,
proportion,
proposal,
proposal,
prosperity,
protection,
pub,
publisher,
pump,
punishment,
pupil,
pupil,
purse,
puzzle,
quantity,
questionnaire,
queue,
race,
race,
radiation,
rage,
rail,
rail,
railway,
rainfall,
ration,
reality,
reception,
reception,
reception,
record,
record,
record,
recovery,
reduction,
reflection,
reflection,
refund,
refusal,
region,
registration,
regulation,
relation,
relationship,
relative,
religion,
remainder,
remedy,
representative,
republic,
reputation,
requirement,
researcher,
reservation,
reservation,
resort,
resort,
resource,
resource,
responsibility,
rest,
rest,
revision,
robot,
routine,
safeguard,
safety,
sand,
satellite,
satisfaction,
scholar,
scholarship,
scholarship,
scope,
scratch,
sculpture,
season,
season,
security,
security,
security,
security,
selection,
sensation,
sensation,
separation,
sequence,
series,
server,
server,
session,
session,
settlement,
settlement,
sex,
sheet,
sheet,
shelter,
shopper,
shortage,
sidewalk,
signal,
signature,
significance,
similarity,
sensation,
sensation,
separation,
sequence,
series,
server,
server,
session,
session,
settlement,
settlement,
sex,
sheet,
sheet,
shelter,
shopper,
shortage,
sidewalk,
signal,
signature,
significance,
similarity,
skin,
slavery,
sleeve,
slogan,
slope,
slot,
sort,
soul,
specialist,
sphere,
sphere,
spirit,
spirit,
spirit,
stall,
stall,
status,
steam,
steel,
storage,
strain,
strain,
stream,
stream,
stripe,
studio,
substitute,
suicide,
summit,
summit,
supporter,
surgeon,
surgery,
surgery,
survival,
suspicion,
sword,
sympathy,
sympathy,
symptom,
syndrome,
tale,
tank,
tank,
taste,
taste,
tax,
technique,
tendency,
tension,
tension,
tent,
term,
term,
term,
term,
terminal,
terminal,
terror,
terrorism,
terrorist,
theft,
theory,
threat,
thumb,
tick,
tick,
tick,
tide,
tissue,
tissue,
tobacco,
tongue,
tongue,
total,
tourism,
tournament,
trail,
trail,
transformation,
transportation,
trash,
treatment,
treatment,
trend,
trigger,
trim,
triumph,
twin,
twist,
twist,
uncertainty,
unemployment,
union,
union,
universe,
usage,
vacancy,
vacancy,
van,
variety,
vegetarian,
vehicle,
vein,
vessel,
vessel,
vessel,
victim,
victory,
violence,
virus,
virus,
visa,
vision,
vision,
volume,
volume,
volume,
vowel,
warranty,
weakness,
weapon,
whisper,
wildlife,
willingness,
wing,
wing,
wire,
wonder,
workplace,
workshop,
wound,
absolutely,
absolutely,
accurately,
afterward,
alike,
altogether,
altogether,
annually,
approximately,
aside,
barely,
briefly,
closely,
closely,
commonly,
completely,
consequently,
constantly,
continually,
continuously,
currently,
definitely,
directly,
entirely,
equally,
eventually,
firmly,
formally,
forth,
freely,
frequently,
furthermore,
generally,
genetically,
highly,
hopefully,
immediately,
increasingly,
incredibly,
indirectly,
initially,
internationally,
largely,
lately,
least,
least,
legally,
meanwhile,
merely,
monthly,
moreover,
naturally,
naturally,
nevertheless,
newly,
nonetheless,
normally,
nowhere,
obviously,
occasionally,
officially,
otherwise,
otherwise,
otherwise,
overnight,
overnight,
particularly,
permanently,
personally,
positively,
positively,
primarily,
properly,
publicly,
rapidly,
rarely,
relatively,
repeatedly,
safely,
severely,
severely,
shortly,
similarly,
simultaneously,
slightly,
socially,
somehow,
somehow,
sometime,
sometimes,
steadily,
suddenly,
supposedly,
surely,
surprisingly,
terribly,
terribly,
thus,
totally,
traditionally,
typically,
typically,
unexpectedly,
unusually,
whenever,
abandon,
abandon,
absorb,
absorb,
accompany,
accompany,
accomplish,
accuse,
accustom,
acknowledge,
acknowledge,
acquire,
acquire,
act,
act,
adapt,
adapt,
adopt,
adopt,
advance,
advance,
advertise,
affect,
afford,
aid,
analyze,
announce,
appoint,
approve,
arise,
arrange,
arrange,
arrest,
assign,
assist,
assume,
assume,
attach,
attain,
attempt,
attend,
attend,
attract,
award,
bang,
bar,
beat,
beat,
beat,
behave,
bet,
bite,
bleed,
blend,
bless,
block,
boast,
bore,
bounce,
breed,
breed,
burn,
burst,
bust,
bust,
calculate,
cancel,
capture,
capture,
care,
characterize,
charge,
charge,
charge,
charge,
classify,
combine,
commit,
commit,
commit,
compete,
complete,
complicate,
compose,
compose,
compose,
conclude,
conclude,
confirm,
congratulate,
connect,
connect,
constitute,
constitute,
construct,
consume,
consume,
contain,
contain,
contribute,
control,
convey,
convey,
convince,
cough,
crash,
crash,
dare,
deal,
declare,
declare,
decrease,
dedicate,
defeat,
defend,
define,
delay,
delete,
deliver,
deliver,
demand,
demonstrate,
demonstrate,
deny,
deny,
depart,
deprive,
derive,
deserve,
design,
determine,
determine,
devastate,
devastate,
dial,
differ,
dig,
direct,
direct,
direct,
disable,
disappoint,
discourage,
dislike,
display,
dissolve,
dissolve,
distinguish,
distribute,
drag,
dump,
dump,
educate,
eliminate,
embarrass,
emerge,
emphasize,
enable,
enclose,
enclose,
endure,
engage,
engage,
engage,
enrich,
ensure,
entertain,
entertain,
escape,
examine,
examine,
exchange,
excuse,
excuse,
expand,
expose,
expose,
express,
extend,
extend,
fade,
fascinate,
fax,
feed,
feed,
fix,
fix,
fix,
float,
flow,
fold,
format,
furnish,
gain,
gain,
generate,
glance,
govern,
grab,
grant,
guide,
handle,
handle,
hang,
hang,
heat,
hesitate,
hire,
hunt,
hunt,
ignore,
impair,
inform,
inject,
insist,
inspire,
install,
intend,
interact,
interest,
interrupt,
interview,
invest,
involve,
jog,
joke,
kiss,
knock,
knock,
launch,
launch,
lay,
lay,
lay,
lead,
lead,
lead,
leap,
lift,
lift,
link,
locate,
locate,
lock,
maintain,
maintain,
maintain,
march,
measure,
memorize,
mention,
minimize,
mislead,
modify,
motivate,
negotiate,
notice,
observe,
observe,
observe,
obtain,
occupy,
occupy,
occur,
outweigh,
launch,
launch,
lay,
lay,
lay,
lead,
lead,
lead,
leap,
lift,
lift,
link,
locate,
locate,
lock,
maintain,
maintain,
maintain,
march,
measure,
memorize,
mention,
minimize,
mislead,
modify,
motivate,
negotiate,
notice,
observe,
observe,
observe,
obtain,
occupy,
occupy,
occur,
outweigh,
overcome,
overwhelm,
owe,
owe,
pardon,
participate,
pause,
permit,
persuade,
pin,
place,
plan,
possess,
preserve,
press,
press,
proceed,
proclaim,
promise,
promote,
promote,
promote,
propose,
propose,
protect,
prove,
prove,
punish,
qualify,
qualify,
qualify,
react,
rearrange,
rebuild,
recall,
recall,
recognize,
recognize,
recommend,
recover,
recover,
reduce,
refuse,
regain,
regard,
register,
reject,
relate,
relate,
release,
release,
rely,
remark,
remove,
renew,
reproduce,
reproduce,
request,
require,
rescue,
resemble,
reserve,
resist,
resolve,
resolve,
respect,
respond,
restore,
restrict,
result,
retain,
revise,
rewrite,
rid,
rise,
rush,
scare,
scatter,
score,
scream,
search,
seize,
seize,
service,
settle,
settle,
settle,
shake,
shift,
shout,
simplify,
sink,
ski,
slip,
slip,
smell,
specialize,
stare,
stir,
strengthen,
stretch,
strike,
strike,
strike,
suffer,
summarize,
support,
suppose,
surprise,
surround,
swear,
swear,
swell,
switch,
tape,
tear,
tempt,
tend,
tick,
tie,
tighten,
tire,
touch,
transfer,
transform,
translate,
trouble,
tumble,
twist,
uncover,
undergo,
underline,
unify,
unite,
update,
vary,
vote,
wake,
warn,
waste,
wave,
wrap,
none,
plenty,
whoever,
whoever,
beneath,
besides,
despite,
minus,
onto,
per,
throughout,
throughout,
via,
nor,
till,
unless,
until,
whether,
whether,
whichever,
able,
absent,
absolute,
abstract,
academic,
accessible,
accurate,
active,
aggressive,
aggressive,
agricultural,
alike,
ambitious,
annual,
apparent,
apparent,
artistic,
ashamed,
athletic,
atomic,
available,
available,
aware,
awkward,
awkward,
bitter,
bitter,
bitter,
blind,
bold,
bold,
brief,
broad,
broad,
calm,
capable,
casual,
casual,
cautious,
central,
chief,
civil,
civil,
civil,
classical,
competitive,
competitive,
complex,
conscious,
conservative,
considerable,
continuous,
contrary,
controversial,
critical,
critical,
cultural,
curious,
curious,
current,
damp,
definite,
democratic,
dependent,
desperate,
digital,
disastrous,
distant,
flat,
flat,
flat,
formal,
fortunate,
frequent,
general,
generous,
genetic,
geographical,
giant,
global,
graphic,
graphic,
guilty,
historic,
historical,
honest,
horrible,
huge,
immediate,
impressive,
incorrect,
incredible,
independent,
indirect,
industrial,
inevitable,
innocent,
innocent,
intense,
intensive,
intermediate,
internal,
internal,
irregular,
legal,
literary,
loud,
loyal,
main,
male,
massive,
meaningful,
mechanical,
mental,
mere,
mild,
minor,
moderate,
mutual,
naked,
narrow,
nasty,
near,
nearby,
neutral,
northern,
nuclear,
numerous,
obvious,
occasional,
offensive,
offensive,
ordinary,
organic,
outdoor,
outer,
outstanding,
outstanding,
overnight,
painful,
pale,
parental,
partial,
partial,
passive,
patient,
permanent,
plain,
plain,
positive,
practical,
precious,
pregnant,
previous,
primitive,
productive,
prominent,
prosperous,
protective,
proud,
psychological,
public,
pure,
racial,
rapid,
rare,
rare,
rational,
realistic,
reasonable,
reasonable,
regional,
reliable,
religious,
remarkable,
residential,
responsible,
ridiculous,
rough,
rough,
rough,
round,
secret,
serious,
serious,
severe,
shallow,
sharp,
sharp,
sharp,
sheer,
sheer,
silent,
solid,
southern,
spectacular,
stable,
steady,
steep,
strategic,
stupid,
substantial,
sufficient,
systematic,
technological,
temporary,
tense,
thorough,
timely,
tiny,
tremendous,
tropical,
typical,
unable,
unclear,
unemployed,
unexpected,
unique,
unpredictable,
unrelated,
upper,
upstairs,
urgent,
vague,
valuable,
various,
vast,
vegetarian,
virtual,
virtual,
visible,
visual,
weird,
widespread,
worthwhile,
worthy,
accommodation,
accommodation,
accommodation,
accusation,
acid,
acquisition,
acquisition,
acquisition,
adjustment,
adjustment,
adoption,
adoption,
aircraft,
allegation,
alliance,
ally,
altitude,
aluminum,
ambassador,
analogy,
analyst,
applicant,
assault,
assembly,
assembly,
assessment,
assumption,
assumption,
assurance,
assurance,
assurance,
attendance,
attribute,
availability,
availability,
axis,
axis,
badge,
ballot,
banker,
bankruptcy,
barrier,
beam,
beam,
blast,
blast,
blend,
bomber,
booklet,
boost,
bounce,
bracket,
bracket,
breakdown,
breakdown,
breakdown,
broadband,
brochure,
browser,
bureaucracy,
cabinet,
cabinet,
cable,
candidate,
capability,
carbon,
catalog,
catastrophe,
ceiling,
ceiling,
certificate,
certification,
chancellor,
chancellor,
chancellor,
chemotherapy,
chip,
chip,
chip,
chunk,
circuit,
circuit,
circumstance,
classic,
classification,
clause,
clause,
client,
closure,
clothing,
coalition,
colleague,
commander,
commerce,
commercial,
commission,
commission,
commission,
community,
compensation,
compensation,
competence,
completion,
complexity,
component,
comprehension,
conception,
conception,
concession,
concession,
concrete,
conductor,
conductor,
conductor,
cone,
conference,
conjunction,
conjunction,
consciousness,
consensus,
consultant,
contract,
contradiction,
controversy,
convention,
convention,
convention,
conversion,
cooperation,
copper,
core,
corporation,
correspondence,
correspondence,
correspondent,
corruption,
costume,
counter,
counter,
creation,
crew,
criticism,
criticism,
dash,
dash,
dash,
data,
database,
debit,
decade,
deduction,
deduction,
deficit,
delegate,
deputy,
desktop,
desktop,
dictator,
dilemma,
dimension,
dimension,
diplomat,
discipline,
discipline,
disguise,
disorder,
disorder,
disposal,
disposition,
disposition,
dispute,
dissident,
distortion,
distributor,
division,
division,
division,
division,
divorce,
dock,
dock,
donation,
doom,
dose,
download,
draft,
draft,
draft,
draft,
drain,
drain,
duplicate,
dye,
ease,
economist,
editorial,
effectiveness,
electrician,
elite,
embrace,
embrace,
emergence,
employee,
employer,
energy,
energy,
engagement,
engagement,
engagement,
engagement,
enterprise,
enterprise,
enterprise,
entrepreneur,
environment,
environment,
equation,
equation,
equity,
equity,
equity,
estate,
estate,
estimate,
estimate,
evaluation,
evolution,
exception,
exclusion,
excursion,
execution,
execution,
execution,
executive,
executive,
exile,
exile,
expansion,
expectation,
explosive,
extension,
extension,
extension,
fabric,
fabric,
factor,
factor,
faculty,
faculty,
faculty,
faith,
faith,
fat,
fate,
feedback,
fiber,
finance,
finance,
flash,
flash,
flaw,
fleet,
flesh,
flexibility,
focus,
focus,
follower,
footnote,
formation,
fraud,
frontier,
gang,
gaze,
gear,
gear,
generalization,
goat,
god,
goodwill,
grain,
grain,
grain,
grip,
grip,
guerrilla,
guideline,
handout,
hardware,
hardware,
headquarters,
hedge,
helicopter,
hell,
highlight,
hint,
holder,
holder,
hook,
housekeeper,
icon,
icon,
identification,
ideology,
illustration,
immigrant,
implication,
implication,
impulse,
incentive,
index,
index,
individual,
infant,
inference,
inflation,
initiative,
initiative,
injection,
innovation,
inspector,
instinct,
institution,
institution,
intellectual,
interpretation,
investigator,
investment,
investor,
involvement,
jog,
joint,
joint,
jury,
label,
laptop,
laser,
laundry,
lawn,
lawsuit,
leak,
leap,
lease,
lecturer,
legend,
legislation,
legislature,
lifetime,
limb,
listener,
loan,
lobby,
lobby,
manufacturer,
margin,
margin,
margin,
mask,
mask,
mass,
mass,
mass,
mass,
mate,
mate,
media,
medication,
mentor,
merchandise,
merger,
messenger,
metaphor,
microphone,
microscope,
migration,
mill,
mill,
millimeter,
minister,
minister,
missile,
mixture,
mobility,
modification,
mold,
mold,
morality,
mortgage,
mentor,
merchandise,
merger,
messenger,
metaphor,
microphone,
microscope,
migration,
mill,
mill,
millimeter,
minister,
minister,
missile,
mixture,
mobility,
modification,
mold,
mold,
morality,
mortgage,
motion,
motion,
musical,
necessity,
necessity,
neglect,
nerve,
nerve,
nerve,
nomination,
obituary,
obligation,
observer,
offense,
offense,
offense,
operator,
opponent,
optimism,
organizer,
ounce,
outbreak,
outcome,
outfit,
outlet,
outlet,
outlet,
outline,
outline,
outlook,
outlook,
output,
outrage,
outside,
outsider,
overtime,
packet,
packet,
panel,
panel,
paperwork,
paradox,
parliament,
participation,
particle,
partnership,
patch,
patch,
patch,
patron,
patron,
payment,
peak,
peak,
pedestrian,
peer,
peg,
penalty,
penalty,
pension,
percentage,
perception,
personnel,
perspective,
perspective,
pharmacist,
phase,
physician,
pi,
pin,
pitch,
pitch,
pitch,
pitch,
plague,
plot,
plot,
plot,
plumber,
popularity,
portion,
portion,
predictor,
presenter,
presidency,
prevention,
priority,
privilege,
probe,
probe,
procedure,
profile,
profile,
programmer,
project,
projection,
projection,
prospect,
prospect,
province,
provision,
provision,
provision,
psychology,
publication,
publication,
publicity,
pulse,
pursuit,
pursuit,
pursuit,
qualification,
query,
quotation,
quotation,
rack,
radar,
rally,
rally,
rally,
rape,
reaction,
realization,
realization,
rebel,
recession,
recipe,
recipe,
recognition,
recommendation,
refugee,
regime,
reinforcement,
rejection,
relief,
relief,
relief,
reminder,
rental,
repertoire,
replacement,
reprint,
residence,
resident,
resignation,
resistance,
resistance,
resolution,
resolution,
resolution,
restriction,
retailer,
retirement,
retreat,
retreat,
revenue,
revival,
revolution,
revolution,
ritual,
rocket,
route,
royalty,
royalty,
salary,
salesperson,
scandal,
scheme,
scheme,
sector,
sector,
segment,
seller,
seminar,
senator,
servant,
shield,
seminar,
senator,
servant,
shield,
soil,
solvent,
spark,
spark,
specialty,
species,
spite,
spokesman,
spreadsheet,
spur,
stability,
statistics,
stereotype,
stick,
stock,
stock,
stock,
strand,
strand,
substance,
substance,
suburb,
supervision,
supervisor,
supplement,
supplier,
surge,
surveillance,
syllable,
tag,
tag,
tail,
territory,
testimony,
theme,
theorist,
therapy,
thesis,
thesis,
thickness,
thirst,
thread,
thread,
thread,
throat,
toll,
toll,
ton,
tonne,
trader,
trainee,
trainer,
trait,
transition,
translation,
transmission,
transmission,
transmission,
tray,
treaty,
trial,
trial,
triangle,
tribe,
troop,
tumor,
tunnel,
tutor,
undergraduate,
upgrade,
user,
utility,
utility,
vaccine,
variation,
venture,
venue,
version,
veteran,
veteran,
viewer,
virtue,
vitamin,
volunteer,
voter,
vow,
wage,
welcome,
welfare,
wheat,
withdrawal,
withdrawal,
witness,
accordingly,
accordingly,
actively,
adequately,
appropriately,
backward,
broadly,
considerably,
critically,
critically,
deliberately,
deliberately,
dramatically,
effectively,
effectively,
essentially,
exclusively,
financially,
firstly,
formerly,
gently,
genuinely,
globally,
hugely,
ideally,
independently,
literally,
literally,
nationwide,
necessarily,
nicely,
openly,
originally,
overtime,
politically,
potentially,
precisely,
presumably,
previously,
privately,
promptly,
readily,
readily,
reasonably,
reasonably,
remarkably,
rightly,
secondly,
seldom,
separately,
sharply,
sharply,
significantly,
somewhat,
specifically,
strictly,
sufficiently,
technically,
temporarily,
thereafter,
thoroughly,
though,
ultimately,
underground,
underneath,
undoubtedly,
virtually,
abolish,
accumulate,
alert,
alter,
alternate,
amaze,
anticipate,
appeal,
appeal,
appeal,
approach,
articulate,
assemble,
assert,
assess,
assure,
authorize,
await,
balance,
ban,
bankrupt,
bid,
bind,
bind,
blast,
boost,
brake,
broadcast,
broaden,
bully,
burden,
cast,
cast,
cast,
cease,
certify,
chase,
cheat,
clarify,
coincide,
coincide,
collapse,
collapse,
commute,
compensate,
compile,
compromise,
compromise,
compute,
conceal,
concede,
concede,
conceive,
conceive,
condemn,
condemn,
conduct,
conduct,
conduct,
confine,
confront,
consult,
consult,
contradict,
convert,
cooperate,
cope,
correspond,
correspond,
crack,
crack,
cruise,
dash,
debit,
decay,
deceive,
decline,
decline,
decorate,
deem,
defy,
desire,
detect,
devote,
dip,
dip,
discriminate,
discriminate,
disguise,
dismiss,
dismiss,
displace,
disrupt,
distract,
divert,
divorce,
dominate,
donate,
edit,
elect,
employ,
employ,
encounter,
endorse,
endorse,
enforce,
enhance,
enroll,
entitle,
entitle,
equip,
evaluate,
evolve,
exceed,
exclude,
execute,
execute,
exhibit,
exhibit,
explode,
exploit,
exploit,
export,
extract,
facilitate,
file,
file,
flash,
flee,
flip,
force,
found,
fulfill,
generalize,
grip,
grip,
guarantee,
guard,
identify,
identify,
illustrate,
implement,
imply,
import,
impose,
incur,
industrialize,
infect,
infer,
inflate,
inflate,
influence,
inherit,
inquire,
inspect,
instruct,
instruct,
integrate,
interfere,
interpret,
interpret,
investigate,
jam,
jam,
justify,
lack,
leak,
lean,
lean,
level,
level,
manipulate,
manipulate,
manufacture,
merge,
misunderstand,
mount,
mount,
mount,
mount,
multiply,
multiply,
object,
originate,
leak,
lean,
lean,
level,
level,
manipulate,
manipulate,
manufacture,
merge,
misunderstand,
mount,
mount,
mount,
mount,
multiply,
multiply,
object,
originate,
overlook,
overlook,
overlook,
perceive,
persist,
plead,
poison,
pop,
postpone,
praise,
precede,
prescribe,
prevail,
price,
process,
progress,
prohibit,
prosecute,
prosper,
protest,
punch,
purchase,
quantify,
question,
question,
queue,
quote,
rape,
rebel,
reckon,
recruit,
regulate,
reinforce,
relieve,
research,
resign,
resume,
retreat,
retrieve,
reverse,
review,
review,
revive,
reward,
risk,
roll,
rub,
sack,
safeguard,
sail,
scan,
scan,
schedule,
scratch,
select,
sense,
separate,
shrink,
sigh,
skim,
skim,
skip,
slide,
snap,
snap,
sneeze,
sniff,
soar,
socialize,
specify,
spin,
spin,
split,
sponsor,
spray,
spread,
spread,
squeeze,
stain,
steer,
stimulate,
stress,
strip,
strive,
stroke,
struggle,
submit,
subtract,
sue,
supervise,
supply,
suppress,
surrender,
suspect,
suspend,
suspend,
sustain,
sweep,
swing,
tackle,
tap,
tap,
testify,
threaten,
tolerate,
torture,
trace,
track,
trade,
transmit,
transport,
treat,
treat,
treat,
trick,
underestimate,
undertake,
upgrade,
urge,
utilize,
value,
violate,
weaken,
wed,
whisper,
widen,
wipe,
withdraw,
withdraw,
worsen,
yield,
yield,
alongside,
amongst,
versus,
whereas,
actual,
acute,
acute,
adequate,
administrative,
adverse,
affordable,
approximate,
beneficial,
biological,
bizarre,
bloody,
characteristic,
coherent,
colonial,
communicative,
compatible,
competent,
comprehensive,
compulsory,
consistent,
constant,
contemporary,
contemporary,
contradictory,
conventional,
cooperative,
corporate,
corrupt,
costly,
criminal,
crucial,
decent,
deep,
deep,
deep,
deliberate,
dense,
dental,
desirable,
fiscal,
flexible,
forthcoming,
forthcoming,
functional,
fundamental,
genuine,
geographic,
gloomy,
governmental,
grand,
grim,
gross,
gross,
hourly,
hybrid,
icy,
identical,
idle,
inadequate,
ineffective,
infectious,
influential,
informal,
initial,
innate,
innovative,
inside,
insufficient,
interactive,
keen,
keen,
latter,
legislative,
legitimate,
lengthy,
liberal,
liberal,
lucrative,
manual,
mathematical,
mature,
modest,
modest,
moral,
multiple,
nationwide,
neat,
noble,
noble,
numerical,
odd,
odd,
offshore,
offshore,
optimistic,
optional,
oral,
oval,
overall,
particular,
particular,
persistent,
petty,
petty,
philosophical,
potential,
predictable,
preliminary,
presidential,
primary,
prime,
prime,
prior,
probable,
profitable,
prompt,
rear,
relevant,
reluctant,
respiratory,
revolutionary,
risky,
rural,
satisfactory,
seasonal,
secondary,
sensible,
sensitive,
serial,
sexual,
slight,
solar,
spare,
standard,
straightforward,
subtle,
successive,
suspicious,
suspicious,
symbolic,
technical,
tender,
tender,
tough,
tough,
toxic,
transparent,
transparent,
tricky,
trivial,
turbulent,
ultimate,
unchanged,
underground,
unfamiliar,
universal,
unlimited,
unpopular,
unsure,
unwilling,
urban,
vacant,
valid,
verbal,
vital,
wealthy,
western,
worldwide,